"Portable Monitor - Lepow 15.6 Inch Computer Display 1920×1080 Full HD IPS Screen USB C Gaming Monitor with Type-C Mini HDMI for Laptop PC MAC Phone Xbox PS4, Include Smart Cover & Screen Protector",199,20220311-1344
N/A,,20220311-1428
N/A,,20220311-1430
N/A,,20220311-1438
N/A,,20220311-1506
N/A,,20220311-1514
N/A,,20220311-1514
N/A,,20220311-1516
N/A,,20220311-1520
N/A,,20220311-1526
N/A,,20220311-1530
N/A,,20220311-1642
N/A,,20220311-2200
"Portable Monitor - Lepow 15.6 Inch Computer Display 1920×1080 Full HD IPS Screen USB C Gaming Monitor with Type-C Mini HDMI for Laptop PC MAC Phone Xbox PS4, Include Smart Cover & Screen Protector",199,20220311-2217
"Portable Monitor - Lepow 15.6 Inch Computer Display 1920×1080 Full HD IPS Screen USB C Gaming Monitor with Type-C Mini HDMI for Laptop PC MAC Phone Xbox PS4, Include Smart Cover & Screen Protector",199,20220311-2221
N/A,,20220312-0008
