"QNAP TS-230 2-Bay Home NAS Realtek RTD1296 ARM Cortex-A53 Quad-core 1.4 GHz Processor, 2GB DDR4 RAM",199,20220311-1344
N/A,,20220311-1428
N/A,,20220311-1430
N/A,,20220311-1438
N/A,,20220311-1506
N/A,,20220311-1514
N/A,,20220311-1514
N/A,,20220311-1516
N/A,,20220311-1520
N/A,,20220311-1526
N/A,,20220311-1530
N/A,,20220311-1642
N/A,,20220311-2200
"QNAP TS-230 2-Bay Home NAS Realtek RTD1296 ARM Cortex-A53 Quad-core 1.4 GHz Processor, 2GB DDR4 RAM",199,20220311-2217
"QNAP TS-230 2-Bay Home NAS Realtek RTD1296 ARM Cortex-A53 Quad-core 1.4 GHz Processor, 2GB DDR4 RAM",199,20220311-2221
N/A,,20220312-0008
